"Client ID","Full Name","Email","Phone","Address","Created At"
"3","Michael Johnson","michael@example.com","555123456","789 Oak St","3/30/2025 4:50:59 PM"
"4","Emily Davis","emily@example.com","444987654","101 Pine St","3/30/2025 4:50:59 PM"
"5","Chris Brown","chris@example.com","333654987","202 Maple St","3/30/2025 4:50:59 PM"
"6","Sarah Wilson","sarah@example.com","222321654","303 Cedar St","3/30/2025 4:50:59 PM"
"7","David Miller","david@example.com","111789123","404 Birch St","3/30/2025 4:50:59 PM"
"8","Laura Moore","laura@example.com","666987321","505 Walnut St","3/30/2025 4:50:59 PM"
"9","Kevin Taylor","kevin@example.com","777654788","606 Cherry St","3/30/2025 4:50:59 PM"
"10","Emma White","emma@example.com","888123987","707 Spruce St","3/30/2025 4:50:59 PM"
"11","John Doe","johndoe@example.com","1234567890","123 Main St","3/30/2025 9:51:28 PM"
"31","updated","updated@example.com","654312","new address","4/5/2025 6:27:04 PM"
"33","test1","string","string","string","4/5/2025 6:34:14 PM"
"35","test2","string2","string2","string2","4/5/2025 6:45:04 PM"
"36","string3","string3","string3","string3","4/5/2025 6:46:30 PM"
"37","string4","string4","string4","string4","4/5/2025 6:49:54 PM"
"39","from win forms","dfgrgfdsg","56456fdg","dfgdfh","4/6/2025 11:43:43 AM"
"40","new new","sdfdsf","32131","sdfdsfs","4/6/2025 11:56:11 AM"
"41","new new new","sdfdsfs","321315","esdfsdf","4/6/2025 11:56:52 AM"
"42","test5 ups","test5","532156","test5","4/6/2025 12:01:36 PM"
"52","new name updated","test@email.com","321564","test address","4/11/2025 2:52:30 PM"
"54","test duplicae email","michael@exmple.com","1234567891","sdfsdfsf","4/14/2025 9:24:31 PM"
